name;price
Komoda biała wysoki połysk z oświetleniem GLAMOUR 2D2S;1563,08
Komoda LANZETTE 2D3SZ E;919,08
Komoda z drewnianym frontem SANTOS;2869,
Szafka RTV SANTORI 2D2S;2989,08
Komoda SANTORI 3D2S TYP 01;3053,48
Komoda do salonu z lamelami CHARLOTTE;2294,10
Szafka RTV wisząca VIVIEN 03 BIAŁA;439,
Szafka RTV SANTORI 3D TYP 31;2381,88
Komoda biała z połyskiem na metalowych nogach JOY;999,
Szafka RTV CAMPINAS;3299,
Komoda z półkami i szufladami LEEDS;854,10
Szafka RTV rustykalna RAPALLO;539,10
Szeroka szafka RTV do nowoczesnego salonu SEVILLA;2999,
Komoda BELPASSO K-28;1519,
Komoda BIANCO 1D3S TYP02;789,
Komoda IMOLA 2D 1S TYP 14;549,
Komoda biała z 3 szufladami DONATELLA;599,
Komoda ROUND B51;1139,
Szafka RTV LISSE 2S;551,08
Nowoczesna komoda do salonu z szybą SEVILLA;3599,
Szafka RTV REX 2D 11008813;499,
Komoda SARDINIA 2D4S;1057,08
Komoda SARDINIA 4S;773,10
Szafka RTV SARDINIA 2D;633,88
Komoda w pasy z szufladą CORTE;1189,
Szafka RTV pod TV NOTINA;1655,08
Komoda STONE II 1D3S;597,08
Komoda do salonu CORTE;1459,
Regał metalowy industrialny EXETER 77x114 cm;399,
Regał loftowy EXETER;399,
Szafka RTV JANNE 2D;1939,
Szafka RTV industrialna KING;1899,
Komoda QUEBEC 2;602,10
Regał GALANDO 3P;349,
Komoda industrialna z szufladami KING;2569,
Komoda LAFABRICA 2D2S;1007,10
Komoda 2 drzwiowa biała VALENCIA;1429,
Komoda LAFABRICA OFFICE BS4769K71705;1223,10
Szafka RTV biała VALENCIA;789,
Komoda z szufladami do salonu NOTINA;2483,08
Szafka na obuwie UMBRIA;429,
Komoda wąska z szuflada i półkami UMBRIA;459,
Szafka RTV loft HUD;944,10
Komoda z miejscem na kwiaty i 3 szufladami POLYPODY;999,
Regał EXETER;495,88
Komoda z szufladami nowoczesna NORD;949,
Regał EXETER dąb;399,
Komoda na książki do biura wysoka DAVINCI OFFICE;1429,
Szafka RTV industrialna LEEDS;674,10
Szafka RTV COIMBRA 2D1S;579,
Komoda 2 drzwiowa z szufladami DERBY 2;879,
Komoda na książki do biura niska DAVINCI OFFICE;1029,
Komoda OTIS 2D2S;919,
Szafka RTV OTIS 2D1S;769,
Komoda z 3 szufladami REMO;659,
Szafka RTV pod telewizor do salonu NOTINA;1857,48
Szafka RTV STEP 1D1S;514,28
Nowoczesna komoda z szufladami i szybą SEVILLA;3679,
Szafka RTV z 2 szufladami JANTAR;519,
Szafka RTV loft MADERA;503,20
Komoda z szufladami loft MADERA;839,20
Szafka RTV z 2 szufladami CORTE;949,
Szeroka szafka RTV pod telewizor VELLO;639,
Komoda z 4 szufladami sosna bielona MONTANA;649,
Szafka RTV ROMA RO-13;699,
Komoda do przedpokoju z ławką SALVE;359,10
Komoda ROMA RO-9;1269,
Szafka RTV z ryflowanym frontem PLISSEE 144,8 cm;1189,
Nowoczesna przeszklona komoda VELLO;769,
Komoda CAMPINAS;3769,
Komoda 3 drzwiowa z szufladami DERBY 2;1049,
Stolik RTV 2 drzwiowy DERBY 2;579,
Komoda ROMA RO-11;929,
Szafka na buty z szufladami SALVE;629,10
Szafka RTV VINCENT NEW V-8 z oświetleniem;887,20
Komoda z półkami sosna bielona MONTANA;739,
Komoda ROMA RO-10;1169,
Komoda wysoka z półkami i ryflowanym frontem PLISSEE;1099,
Komoda z szufladami sosna bielona MONTANA;769,
Szafka pod telewizor z wnęką CORTE;939,
Komoda VINCENT NEW V-6;1271,20
Komoda VOYAGER 11 wąska;449,
Szafka wisząca RTV VIVIEN 01 CZARNA;359,
Komoda z szarym frontem BILBAO;559,
Regał BILBAO 1D;519,
Szafka wisząca RTV VIVIEN 01 DĄB;359,
Komoda BIANCO 2S2D TYP01;695,20
Szafka na buty ELA 2;319,
Komoda z geometrycznym wzorem BILBAO;559,
Szafka na buty z szarym frontem BILBAO;309,
Szafka RTV wisząca VIVIEN 03 DĄB;439,
Szafka wisząca RTV VIVIEN 01 BIAŁA;359,
Szafka RTV wisząca VIVIEN 03 CZARNA;439,
Komoda IRYS;299,
Szafka RTV VINCENT NEW V-7 z oświetleniem;983,20
Komoda z oświetleniem VINCENT NEW V-5;1271,20
Szafka RTV LANZETTE 2D1 SZ B;615,48
Komoda biała nowoczesna szeroka PATRIK;707,48
Skrzynia na zabawki LANZETTE;275,08
Komoda biała nowoczesna trzydrzwiowa PATRIK;551,08
Szafka na buty z lustrem NEBRASKA 4;799,
Komoda OSLO 2D;249,
Szafka RTV CANADA z oświetleniem;710,10
Szafka na buty ELA 2;314,10
Szafka RTV VIRGINIA 2K1S;339,
Bufet komoda z litego drewna ARTISTICO;3679,08
Komoda TORINO;737,10
Szafka RTV z litego drewna ARTISTICO;2759,08
Komoda prowansalska z drzwiami przesuwnymi ANTHONY;1149,
Szafka na buty LANZETTE;532,68
Szafka na buty LANZETTE;229,08
Komoda szeroka SALVADOR;3769,
Komoda rustykalna z miejscem na wino RAPALLO;1079,10
Komoda rustykalna wysoka RAPALLO;863,10
Szafka RTV ANTHONY 2D;649,
Szafka RTV rustykalna RAPALLO;719,10
Szafka RTV SALVADOR 2D2S TYP32;3189,
Komoda ANTHONY 2D3S;1459,
Komoda z 6 szufladami BIANCO;1031,20
Komoda BIANCO 1D3S;815,20
Komoda BIANCO 4S;775,20
Szafka RTV CARISMA CM02 2D1S;2259,
Komoda CARISMA CM03 2D3S;3289,
Komoda DIAMENT DT02 3S;2419,
Komoda DIAMENT DT04 2D3S;3289,
Komoda ELSA 4S;719,10
Regał EXETER szeroki, dąb;495,88
Komoda czarna trzydrzwiowa BRODWAY;1986,28
Komoda BRODWAY BY04 3D;1986,28
Komoda czarna z szufladami BRODWAY;1305,48
Szafka RTV BRODWAY BY01 2D;1590,68
Szafka RTV BRODWAY BY02;1517,08
Komoda DIAMENT DT03 1D4S;2969,
Komoda czarna BRODWAY 3D3S;1820,68
Komoda czarna czterodrzwiowa BRODWAY;1921,88
Komoda BRODWAY BY06 4D;1921,88
Szafka RTV BRODWAY BY01 2D;1590,68
Komoda BRODWAY BY05 4S;1305,48
Szafka RTV BRODWAY BY02 2D;1517,08
Komoda BRODWAY BY03 3D3S;1820,68
Komoda CARISMA CM04 3D3S, z barkiem;3329,
Szafka RTV biały połysk z oświetleniem GLAMOUR;1167,48
Komoda BIANCO 2D3S;943,20
Szafka RTV HAVANNA 2D;699,
Szafka RTV TULUZA 2S z oświetleniem;1179,
Szafka RTV BILBAO 2D;619,
Komoda narożna OSLO 1D;289,
Szafka pod telewizor biała BELL;1049,
Komoda POLDARK 3D1S;1199,
Komoda DORIAN DN3 2D3S z oświetleniem;1259,
Szafka na buty OLA 4D2S;689,
Komoda z szufladą NOVENA;1139,
Komoda do salonu NOVENA;869,
Szafka RTV zielona CAMBRIDGE 2D;579,
Komoda zielona CAMBRIDGE 2D1S;899,
Szafka RTV granatowa z szufladą ROSE;959,
Komoda TORONTO 3D3S E;999,
Komoda OSLO 3D2S;399,
Biblioteka DISEGNO OFFICE niska;489,
Szafka RTV TORONTO 2S B;549,
Szafka na buty z siedziskiem 1K BIAŁA;359,
Komoda nowoczesna trzydrzwiowa PATRIK;551,08
Komoda granatowa z 8 wnękami ROSE;1099,
Komoda szeroka BILBAO;1099,
Szafka pod telewizor nowoczesna NOVENA;769,
Komoda STEP;615,48
Szafka RTV LAGOS 2D1S;551,08
Komoda LAGOS 3D1S;790,28
Komoda biała nowoczesna dwudrzwiowa PATRIK;606,28
Szafka RTV nowoczesna NOVENA;1149,
Komoda GLOBO 2D2S;959,
Regał drabina z 4 półkami biały KABEA;299,
Szafka RTV z 2 szufladami ALEN 200 cm;589,
Komoda TERNI 2D2S;1369,
Komoda TERNI 1D3S;1129,
Regał metalowy z 3 półkami KOMAD;239,
Komoda 3 drzwiowa biały połysk FLORO;849,
Szafka RTV ARCTIC 1K;629,10
Komoda nowoczesna szeroka PATRIK;707,48
Komoda OSLO 2D2S;359,
Szafka RTV POLDARK 2D1S;799,
Szafka na buty IRYS;219,
Komoda z szufladami do pokoju dziecięcego MODERN;1195,08
Duża komoda z szufladami VELLO;819,
Szeroka komoda z szufladami VELLO;949,
Wysoka komoda do salonu VELLO;689,
Szafka na buty do przedpokoju BILBAO;309,
Komoda z szufladami z ryflowanym frontem PLISSEE 187,1 cm;1999,
Komoda wysoka z ryflowanym frontem i szufladami PLISSEE;1299,
Komoda nowoczesna dwudrzwiowa BILBAO;719,
Komoda z szufladami MI PIACE;873,08
Mała komoda z 3 szufladami BILBAO;539,
Szafka RTV ROMA RO-12;819,
Komoda nowoczesna z szufladami jednodrzwiowa BILBAO;819,
Komoda do pokoju dziecięcego LOEN 3S;669,
Komoda z szufladami dwudrzwiowa ALEN;879,
Komoda QUEBEC 3;854,10
Szafka rtv LIDO LI-9;719,
Regał drabina z 3 półkami biały KABEA;249,
Komoda biała z 5 szufladami DUERO;781,08
Szafka RTV ORENSE 1K;509,
Komoda minimalistyczna 2D FLORO;479,
Szafka RTV szara LISABON;1119,
Komoda 3 drzwiowa czarny mat MOLDE;789,
Szafka RTV z szufladą ALEN 150 cm;429,
Komoda szara z 4 szufladami LISABON;1359,
Szafka RTV biała QUEBEC;512,10
Komoda z 4 szufladami ALGARD;919,
Szafka na buty ELA 1;179,10
Szafka RTV 1-drzwiowa z oświetleniem GOBI;719,
Szafka RTV TRENTINO 2D;699,
Komoda nowoczesna dwudrzwiowa PATRIK;606,28
Komoda z szufladami do pokoju młodzieżowego MODEX;489,
Komoda VIENNA 2D3S;619,
Komoda z 3 szufladami granatowa ROSE;1199,
Regał domek LOEN 2S;799,
Szafa na buty NEO 2D;659,
Szafka na buty ELA 1;224,10
Komoda z 2 szufladami biała FLORO;599,
Komoda z szufladami i ryflowanym frontem PLISSEE 144,8 cm;1469,
Szafka RTV z ryflowanym frontem PLISSEE 183,8 cm;1559,
Komoda BICYCLE 4S;863,10
Komoda OTIS 2D3S;1019,
Komoda QUEBEC 1;440,10
Szafka RTV z drewnianym frontem SANTOS;1619,
Szafka pod telewizor RTV z szufladą VELLO;539,
Szafka RTV TERNI 2D;839,
Komoda VENUTA;3129,
Komoda TRENTINO 2D1W1S;1229,
Komoda TERNI 2D3S;1459,
Szafka RTV z drzwiami klapowymi NAPOLI NE41;659,
Szafka RTV MAGALE M2410001;1999,
Komoda WENECJA 3D3S WE10;2087,10
Szafka RTV MARRI 2D M2610003;1199,
Bufet MARRI 2D+3SZ M2609005;1599,
Komoda wysoka fornirowana z ceramicznym blatem DECKARD;3329,10
Szafka RTV z ceramicznym blatem fornirowana DECKARD;2249,10
Komoda niska fornirowana, z ceramicznym blatem DECKARD;3149,10
Bufet MAGALE 2D+3SZ M2409001;2149,
Szafka na buty COMO 1K;440,10
Szafka RTV ALMOND;449,
Regał metalowy z 4 półkami KOMAD;249,
Szafka RTV CANNE NEW 1S2D CQNT132B z oświetleniem;1119,20
Komoda do salonu biała LISSE;992,68
Komoda biały połysk ITALIA;735,08
Komoda THOR;979,
Bufet ALVERA 2D+4SZ HFU-A-04 GENOVA;1599,
Szafka RTV ALVERA 2D+1SZ HFU-A-05;1199,
Komoda z 3 szufladami JANTAR;899,
Komoda MEDIOLAN 4D2S;1849,
Szafka RTV MEDIOLAN 2D1S;949,
